ID_Owner,Owner_Name,
1,Owner_1,
2,Owner_2,
3,Owner_3,
4,Owner_4,
5,Owner_5,
6,Owner_6,
7,Owner_7,
8,Owner_8,
9,Owner_9,
10,Owner_10,
11,Owner_11,
12,Owner_12,
13,Owner_13,
14,Owner_14,
15,Owner_15,
16,Owner_16,
17,Owner_17,
18,Owner_18,
19,Owner_19,
20,Owner_20,
21,Owner_21,
22,Owner_22,
23,Owner_23,
24,Owner_24,
25,Owner_25,
26,Owner_26,
27,Owner_27,
28,Owner_28,
29,Owner_29,
30,Owner_30,
31,Owner_31,
32,Owner_32,
33,Owner_33,
34,Owner_34,
35,Owner_35,
36,Owner_36,
37,Owner_37,
38,Owner_38,
39,Owner_39,
