ID_User,Nic_User,First_Name,Family,Credit_Card,
1,Alex,Alex,Fml_Alex,1745,
2,Dima,Dima,Fml_Dima,1302,
3,Sergey,Sergey,Fml_Sergey,1386,
4,Rita,Rita,Fml_Rita,1550,
5,Alise,Alise,Fml_Alise,1040,
6,Ostin,Ostin,Fml_Ostin,1733,
7,Mikki,Mikki,Fml_Mikki,1135,
8,Mia,Mia,Fml_Mia,1121,
9,Elika,Elika,Fml_Elika,1855,
10,Ksenia,Ksenia,Fml_Ksenia,1613,
11,Ksusha,Ksusha,Fml_Ksusha,1932,
12,Raya,Raya,Fml_Raya,1514,
13,Luda,Luda,Fml_Luda,1687,
14,Yakov,Yakov,Fml_Yakov,1090,
15,Emanuel,Emanuel,Fml_Emanuel,1097,
16,Rachel,Rachel,Fml_Rachel,1823,
